﻿<mockup version="5.3" minAllowVersion="5.3" ID="173A115E-3ABF-4D67-92CC-FD22E9FF4575" platform="MtMobile" defaultW="360" defaultH="640" measureW="360" measureH="640" screenOrientation="MoPortrait" mobileScreenScale="1.77777779102325">
  <controls controlCount="19">
    <control controlID="D2BE7265-2E66-40CE-848B-3DE52E86DCB4" controlTypeID="Shape" x="0" y="0" w="360" h="81" zOrder="0">
      <color>4291585587</color>
      <borderVisible>False</borderVisible>
      <font family="Segoe+UI" displayName="Segoe+UI" postScript="" weightStyle="Regular" weight="400" isBold="False" isItalic="False" useDefaultFontFamily="False"/>
      <textColor>4291585587</textColor>
      <textSize>14</textSize>
      <selectedIndex>-1</selectedIndex>
      <radius>8</radius>
    </control>
    <control controlID="CD73179F-CAC7-4077-AD0C-ECA8D293054F" controlTypeID="StatusBar(Android)" x="0" y="0" w="360" h="20" zOrder="1"/>
    <control controlID="79CB0F9C-8665-4BC7-8A2B-161E8BD53A8E" controlTypeID="Icon" x="316" y="38" w="24" h="24" zOrder="2">
      <color>4294967295</color>
      <icon>
        <ID/>
        <iconFontName>jdIonicons</iconFontName>
        <iconCode>62368</iconCode>
      </icon>
      <URL>B91434690C5B5224D1CC6B1998F1178A.svg</URL>
    </control>
    <control controlID="BA21B123-FBC5-402C-83DD-8F9A7EDF9CE5" controlTypeID="Icon" x="20" y="36" w="28" h="28" zOrder="3">
      <color>4294967295</color>
      <icon>
        <ID/>
        <iconFontName>jdFontAwesome</iconFontName>
        <iconCode>61750</iconCode>
      </icon>
      <URL>1EE9C881E2A3DAC9C25B7F5978FAAC60.svg</URL>
    </control>
    <control controlID="EF9CA25F-9285-4177-B67B-C90DF77880D5" controlTypeID="Label" x="48" y="45" w="57" h="19" zOrder="4">
      <font family="Segoe+UI" displayName="Segoe+UI+Bold" postScript="" weightStyle="Bold" weight="700" isBold="True" isItalic="False"/>
      <text>acCoffee</text>
      <textColor>4294967295</textColor>
      <lineSpacing>0</lineSpacing>
      <textStyles>[fsBold]</textStyles>
      <selectedIndex>-1</selectedIndex>
    </control>
    <control controlID="EA8C3A98-05B6-4A1F-87B7-B8FEFB8A74A9" controlTypeID="Shape" x="215" y="117" w="121" h="42" zOrder="5">
      <font family="Segoe+UI" displayName="Segoe+UI" postScript="" weightStyle="Regular" weight="400" isBold="False" isItalic="False"/>
      <text>26</text>
      <textSize>14</textSize>
      <selectedIndex>-1</selectedIndex>
    </control>
    <control controlID="F8320EEA-CED2-474D-B45D-0503233A3E8E" controlTypeID="Label" x="32" y="122" w="162" h="27" zOrder="6">
      <font family="Segoe+UI" displayName="Segoe+UI" postScript="" weightStyle="Regular" weight="400" isBold="False" isItalic="False"/>
      <text>Jumlah+Poin+Kamu</text>
      <textSize>20</textSize>
      <lineSpacing>0</lineSpacing>
      <useDefaultTextSize>False</useDefaultTextSize>
      <selectedIndex>-1</selectedIndex>
    </control>
    <control controlID="C0E8557D-20E5-4EF2-AF53-25C680724CEF" controlTypeID="Shape" x="28" y="239" w="314" h="60" zOrder="7">
      <font family="Segoe+UI" displayName="Segoe+UI" postScript="" weightStyle="Regular" weight="400" isBold="False" isItalic="False"/>
      <textSize>14</textSize>
      <selectedIndex>-1</selectedIndex>
    </control>
    <control controlID="18D3F367-2BAA-41B4-9E49-293230F9056B" controlTypeID="Icon" x="42" y="246" w="46" h="46" zOrder="8">
      <icon>
        <ID/>
        <iconFontName>jdFontAwesome</iconFontName>
        <iconCode>61684</iconCode>
      </icon>
      <URL>049C8EA1FC0F3109FF65E887226436B2.svg</URL>
    </control>
    <control controlID="603F4805-F937-4C29-A5C2-21B605C72CE2" controlTypeID="Line" x="16" y="172" w="334" h="2" zOrder="9">
      <font family="Segoe+UI" displayName="Segoe+UI" postScript="" weightStyle="Regular" weight="400" isBold="False" isItalic="False"/>
      <textSize>14</textSize>
      <lineSpacing>0</lineSpacing>
      <selectedIndex>-1</selectedIndex>
      <controlPoint>(168,1)</controlPoint>
      <startPoint>(1,1)</startPoint>
      <endPoint>(334,1)</endPoint>
    </control>
    <control controlID="909A872A-2E29-41B8-A58D-5139A2F04348" controlTypeID="Label" x="32" y="193" w="249" h="27" zOrder="10">
      <font family="Segoe+UI" displayName="Segoe+UI" postScript="" weightStyle="Regular" weight="400" isBold="False" isItalic="False"/>
      <text>Poin+untuk+menukar+Reward</text>
      <textSize>20</textSize>
      <lineSpacing>0</lineSpacing>
      <useDefaultTextSize>False</useDefaultTextSize>
      <selectedIndex>-1</selectedIndex>
    </control>
    <control controlID="F7A1F7C3-D0C8-481A-9886-1A898828220C" controlTypeID="Shape" x="32" y="325" w="314" h="60" zOrder="11">
      <font family="Segoe+UI" displayName="Segoe+UI" postScript="" weightStyle="Regular" weight="400" isBold="False" isItalic="False"/>
      <textSize>14</textSize>
      <selectedIndex>-1</selectedIndex>
    </control>
    <control controlID="407EDC46-A400-4B20-A3A6-B0EAB90BF4FE" controlTypeID="Icon" x="42" y="332" w="46" h="46" zOrder="12">
      <icon>
        <ID/>
        <iconFontName>jdIonicons</iconFontName>
        <iconCode>62598</iconCode>
      </icon>
      <URL>BD4238331903448AC231764D97753836.svg</URL>
    </control>
    <control controlID="8E917822-EDBB-4419-8129-D68582B46CDF" controlTypeID="Shape" x="32" y="410" w="314" h="60" zOrder="13">
      <font family="Segoe+UI" displayName="Segoe+UI" postScript="" weightStyle="Regular" weight="400" isBold="False" isItalic="False"/>
      <textSize>14</textSize>
      <selectedIndex>-1</selectedIndex>
    </control>
    <control controlID="12C39E43-A8C9-4448-A860-FFE120B9C676" controlTypeID="Icon" x="46" y="417" w="46" h="46" zOrder="14">
      <icon>
        <ID/>
        <iconFontName>jdFontAwesome</iconFontName>
        <iconCode>61684</iconCode>
      </icon>
      <URL>049C8EA1FC0F3109FF65E887226436B2.svg</URL>
    </control>
    <control controlID="36F3EB21-9AAF-4474-9218-1A48CD7EE9A5" controlTypeID="Label" x="118" y="259" w="163" h="19" zOrder="15">
      <font family="Segoe+UI" displayName="Segoe+UI" postScript="" weightStyle="Regular" weight="400" isBold="False" isItalic="False"/>
      <text>Arabica+Jember++%3A+++40+Poin</text>
      <lineSpacing>0</lineSpacing>
      <selectedIndex>-1</selectedIndex>
    </control>
    <control controlID="1376E27D-0CB4-4BA8-A251-FC563D9CDE8C" controlTypeID="Label" x="118" y="345" w="170" h="19" zOrder="16">
      <font family="Segoe+UI" displayName="Segoe+UI" postScript="" weightStyle="Regular" weight="400" isBold="False" isItalic="False"/>
      <text>Sparkling+Coffee++%3A+++30+Poin</text>
      <lineSpacing>0</lineSpacing>
      <selectedIndex>-1</selectedIndex>
    </control>
    <control controlID="AD2DF70B-086D-4D44-BA83-4B6D68B32EFD" controlTypeID="Label" x="123" y="430" w="159" h="19" zOrder="17">
      <font family="Segoe+UI" displayName="Segoe+UI" postScript="" weightStyle="Regular" weight="400" isBold="False" isItalic="False"/>
      <text>Robusta+Flores++%3A+++40+Poin</text>
      <lineSpacing>0</lineSpacing>
      <selectedIndex>-1</selectedIndex>
    </control>
    <control controlID="5C906657-E6B7-42C1-9640-E21F67A67F2E" controlTypeID="NavigationBar" x="0" y="592" w="360" h="48" zOrder="18">
      <links eventType="AtClick" animate="AmNone" animateAutoDelay="0" animateDuration="500">
        <link targetPageID="69E9AF1B-BC9F-4C19-9A5F-C01B33E7126C" linkType="ltPageLink" isApplyIncludePage="False" title="Home">
          <area shape="0" alt="" ID="{74FD1374-4277-41A0-9A04-C8073E739003}" coords="(0,0,360,48)"/>
        </link>
      </links>
    </control>
  </controls>
  <param>
    <backgroundColor>4293190884</backgroundColor>
    <fontSize>14</fontSize>
    <fontFamily>Segoe+UI</fontFamily>
    <guideLines/>
  </param>
</mockup>