﻿<mockup version="5.3" minAllowVersion="5.3" ID="28B77FA2-CDAF-4780-A475-489D0EE5996C" platform="MtMobile" defaultW="360" defaultH="640" measureW="360" measureH="640" screenOrientation="MoPortrait" mobileScreenScale="1.77777779102325">
  <controls controlCount="11">
    <control controlID="709B47DE-458F-4893-8B5B-0265E07C3DA4" controlTypeID="StatusBar(Android)" x="0" y="0" w="360" h="20" zOrder="0"/>
    <control controlID="65ED044F-CE94-4331-830D-5EE7C54EB585" controlTypeID="Icon" x="131" y="52" w="98" h="98" zOrder="1">
      <color>4294967295</color>
      <icon>
        <ID/>
        <iconFontName>jdFontAwesome</iconFontName>
        <iconCode>61750</iconCode>
      </icon>
      <URL>1EE9C881E2A3DAC9C25B7F5978FAAC60.svg</URL>
    </control>
    <control controlID="F53CE230-8367-40B7-9FD0-E5562DCE514F" controlTypeID="TextInput" x="33" y="179" w="138" h="39" zOrder="2">
      <font family="Segoe+UI" displayName="Segoe+UI" postScript="" weightStyle="Regular" weight="400" isBold="False" isItalic="False"/>
      <text>Nama+depan</text>
      <lineSpacing>0</lineSpacing>
      <selectedIndex>-1</selectedIndex>
    </control>
    <control controlID="DE1DAF0D-54F4-4CA9-8450-A16517044329" controlTypeID="TextInput" x="187" y="178" w="140" h="39" zOrder="3">
      <font family="Segoe+UI" displayName="Segoe+UI" postScript="" weightStyle="Regular" weight="400" isBold="False" isItalic="False"/>
      <text>Nama+Akhir</text>
      <lineSpacing>0</lineSpacing>
      <selectedIndex>-1</selectedIndex>
    </control>
    <control controlID="84CCF76B-15D6-4721-A4E8-EB2200A61921" controlTypeID="TextInput" x="33" y="234" w="294" h="39" zOrder="4">
      <font family="Segoe+UI" displayName="Segoe+UI" postScript="" weightStyle="Regular" weight="400" isBold="False" isItalic="False"/>
      <text>Username</text>
      <lineSpacing>0</lineSpacing>
      <selectedIndex>-1</selectedIndex>
    </control>
    <control controlID="55961E9E-BD18-4C78-9CF7-3D682B748D6B" controlTypeID="TextInput" x="33" y="288" w="294" h="39" zOrder="5">
      <font family="Segoe+UI" displayName="Segoe+UI" postScript="" weightStyle="Regular" weight="400" isBold="False" isItalic="False"/>
      <text>Email</text>
      <lineSpacing>0</lineSpacing>
      <selectedIndex>-1</selectedIndex>
    </control>
    <control controlID="D4CFD315-6FE3-413D-9809-C907789DDF35" controlTypeID="TextInput" x="33" y="337" w="294" h="39" zOrder="6">
      <font family="Segoe+UI" displayName="Segoe+UI" postScript="" weightStyle="Regular" weight="400" isBold="False" isItalic="False"/>
      <text>No+Handphone</text>
      <lineSpacing>0</lineSpacing>
      <selectedIndex>-1</selectedIndex>
    </control>
    <control controlID="0BD7CBCD-012F-422E-ADCF-477A3BD0A195" controlTypeID="TextInput" x="33" y="386" w="294" h="39" zOrder="7">
      <font family="Segoe+UI" displayName="Segoe+UI" postScript="" weightStyle="Regular" weight="400" isBold="False" isItalic="False"/>
      <text>Alamat</text>
      <lineSpacing>0</lineSpacing>
      <selectedIndex>-1</selectedIndex>
    </control>
    <control controlID="9B07962E-AF72-41E3-A004-326DA5C51C64" controlTypeID="TextInput" x="33" y="443" w="294" h="39" zOrder="8">
      <font family="Segoe+UI" displayName="Segoe+UI" postScript="" weightStyle="Regular" weight="400" isBold="False" isItalic="False"/>
      <text>Password</text>
      <lineSpacing>0</lineSpacing>
      <selectedIndex>-1</selectedIndex>
    </control>
    <control controlID="B11CFFBD-C13E-4B5B-9F9F-2B13038ECD4D" controlTypeID="Button" x="120" y="502" w="120" h="48" zOrder="9">
      <links eventType="AtClick" animate="AmNone" animateAutoDelay="0" animateDuration="500">
        <link targetPageID="617D109E-8D6A-4129-A66D-B189E4265C55" linkType="ltPageLink" isApplyIncludePage="False" title="login">
          <area shape="0" alt="" ID="{F190DEA5-2978-4906-9E09-AC60DB78C58D}" coords="(0,0,120,48)"/>
        </link>
      </links>
      <font family="Segoe+UI" displayName="Segoe+UI" postScript="" weightStyle="Regular" weight="400" isBold="False" isItalic="False"/>
      <text>Daftar</text>
      <lineSpacing>0</lineSpacing>
      <selectedIndex>-1</selectedIndex>
    </control>
    <control controlID="D4810CDB-9087-41C4-AE42-4B1C8CC7E314" controlTypeID="NavigationBar" x="0" y="592" w="360" h="48" zOrder="10">
      <links eventType="AtClick" animate="AmNone" animateAutoDelay="0" animateDuration="500">
        <link targetPageID="617D109E-8D6A-4129-A66D-B189E4265C55" linkType="ltPageLink" isApplyIncludePage="False" title="login">
          <area shape="0" alt="" ID="{8FE1ECD4-41F2-45E5-B094-D8D858A3CDB7}" coords="(0,0,360,48)"/>
        </link>
      </links>
    </control>
  </controls>
  <param>
    <backgroundColor>4291585587</backgroundColor>
    <fontSize>14</fontSize>
    <fontFamily>Segoe+UI</fontFamily>
    <guideLines/>
  </param>
</mockup>