﻿<mockup version="5.3" minAllowVersion="5.3" ID="48BE42A7-24AF-47D2-B358-3D10DEC80AEF" platform="MtMobile" defaultW="360" defaultH="640" measureW="360" measureH="640" screenOrientation="MoPortrait" mobileScreenScale="1.77777779102325">
  <controls controlCount="18">
    <control controlID="60BEBBAB-B4D3-458F-9D8A-9CF321ADCD69" controlTypeID="Shape" x="0" y="0" w="360" h="81" zOrder="0">
      <color>4291585587</color>
      <borderVisible>False</borderVisible>
      <font family="Segoe+UI" displayName="Segoe+UI" postScript="" weightStyle="Regular" weight="400" isBold="False" isItalic="False" useDefaultFontFamily="False"/>
      <textColor>4291585587</textColor>
      <textSize>14</textSize>
      <selectedIndex>-1</selectedIndex>
      <radius>8</radius>
    </control>
    <control controlID="74F66C1F-87A5-4BFE-913A-328BB31A53BE" controlTypeID="StatusBar(Android)" x="0" y="0" w="360" h="20" zOrder="1"/>
    <control controlID="BE8D1A18-5F9F-4719-BAF6-4E1496C15D14" controlTypeID="Icon" x="316" y="38" w="24" h="24" zOrder="2">
      <color>4294967295</color>
      <icon>
        <ID/>
        <iconFontName>jdIonicons</iconFontName>
        <iconCode>62368</iconCode>
      </icon>
      <URL>B91434690C5B5224D1CC6B1998F1178A.svg</URL>
    </control>
    <control controlID="D36B84BC-DEA8-4A1A-9A22-FBCA59A77BCD" controlTypeID="Icon" x="20" y="36" w="28" h="28" zOrder="3">
      <color>4294967295</color>
      <icon>
        <ID/>
        <iconFontName>jdFontAwesome</iconFontName>
        <iconCode>61750</iconCode>
      </icon>
      <URL>1EE9C881E2A3DAC9C25B7F5978FAAC60.svg</URL>
    </control>
    <control controlID="00ADABA2-3128-4C04-B1A9-ECCD35A90B58" controlTypeID="Label" x="48" y="45" w="57" h="19" zOrder="4">
      <font family="Segoe+UI" displayName="Segoe+UI+Bold" postScript="" weightStyle="Bold" weight="700" isBold="True" isItalic="False"/>
      <text>acCoffee</text>
      <textColor>4294967295</textColor>
      <lineSpacing>0</lineSpacing>
      <textStyles>[fsBold]</textStyles>
      <selectedIndex>-1</selectedIndex>
    </control>
    <control controlID="93A74D1C-120B-4A9A-89BB-25F6A121F426" controlTypeID="TextArea" x="26" y="281" w="308" h="88" zOrder="5">
      <font family="Segoe+UI" displayName="Segoe+UI+Bold" postScript="" weightStyle="Bold" weight="700" isBold="True" isItalic="False"/>
      <text>Apakah+nama+kopi+Robusta+dari+Perbukitan+Kawah+Ijen%3F</text>
      <textSize>18</textSize>
      <textAlign>HaCenter</textAlign>
      <textStyles>[fsBold]</textStyles>
      <useDefaultTextSize>False</useDefaultTextSize>
      <selectedIndex>-1</selectedIndex>
    </control>
    <control controlID="C72D498D-054A-4246-AFCF-19EA18DD5433" controlTypeID="Image" x="41" y="116" w="278" h="150" zOrder="6">
      <URL>28B4323B3E50383F55376DDABB512CB9.jpeg</URL>
    </control>
    <control controlID="F62EBBEC-05F4-4F2F-AFFC-4FFF096C4EAA" controlTypeID="Shape" x="41" y="355" w="278" h="51" zOrder="7">
      <interactiveData>
        <entry title="">
          <area shape="0" alt="" ID="{2A447856-6A64-4C15-AB3E-5B261329B3BE}" coords="(0,0,278,51)"/>
          <events title="">
            <event eventType="atClick" isChecked="True">
              <behaviour title="" isChecked="True" isWait="False" isLoop="False" execMode="emParallel">
                <target targetID="D6DF02D4-84D2-4C26-BA3C-88AFC2EBA55D" isChecked="True" isAutoRecovery="False" isLoop="False" execMode="emSequence">
                  <command name="Popup State Change" isChecked="True" descrition="">
                    <param name="AniInterpolation" value="0" varType="3" description=""/>
                    <param name="AniDuration" value="200" varType="3" description=""/>
                    <param name="AniAutoReverse" value="False" varType="11" description=""/>
                    <param name="AniLoop" value="False" varType="11" description=""/>
                    <param name="AniInterpolationTypeOut" value="False" varType="11" description=""/>
                    <param name="Delay" value="0" varType="3" description=""/>
                    <param name="Value" value="2" varType="3" description=""/>
                    <param name="AniType" value="0" varType="3" description=""/>
                  </command>
                </target>
              </behaviour>
            </event>
          </events>
        </entry>
      </interactiveData>
      <font family="Segoe+UI" displayName="Segoe+UI" postScript="" weightStyle="Regular" weight="400" isBold="False" isItalic="False"/>
      <text>Robusta+Ijen</text>
      <textSize>14</textSize>
      <selectedIndex>-1</selectedIndex>
    </control>
    <control controlID="7EB2261B-0EE7-449C-9CC5-165E14791052" controlTypeID="Shape" x="41" y="428" w="278" h="51" zOrder="8">
      <interactiveData>
        <entry title="">
          <area shape="0" alt="" ID="{D909B5E8-1088-4867-9BA9-166AF0C1494E}" coords="(0,0,278,51)"/>
          <events title="">
            <event eventType="atClick" isChecked="True">
              <behaviour title="" isChecked="True" isWait="False" isLoop="False" execMode="emParallel">
                <target targetID="D6DF02D4-84D2-4C26-BA3C-88AFC2EBA55D" isChecked="True" isAutoRecovery="False" isLoop="False" execMode="emSequence">
                  <command name="Popup State Change" isChecked="True" descrition="">
                    <param name="AniInterpolation" value="0" varType="3" description=""/>
                    <param name="AniDuration" value="200" varType="3" description=""/>
                    <param name="AniAutoReverse" value="False" varType="11" description=""/>
                    <param name="AniLoop" value="False" varType="11" description=""/>
                    <param name="AniInterpolationTypeOut" value="False" varType="11" description=""/>
                    <param name="Delay" value="0" varType="3" description=""/>
                    <param name="Value" value="2" varType="3" description=""/>
                    <param name="AniType" value="0" varType="3" description=""/>
                  </command>
                </target>
              </behaviour>
            </event>
          </events>
        </entry>
      </interactiveData>
      <font family="Segoe+UI" displayName="Segoe+UI" postScript="" weightStyle="Regular" weight="400" isBold="False" isItalic="False"/>
      <text>Robusta+Lampung</text>
      <textSize>14</textSize>
      <selectedIndex>-1</selectedIndex>
    </control>
    <control controlID="5FB57A4E-76B5-40E7-8951-4CF12D253A8B" controlTypeID="Shape" x="41" y="500" w="278" h="51" zOrder="9">
      <interactiveData>
        <entry title="">
          <area shape="0" alt="" ID="{FFBBC8FE-4E4A-4492-B09C-048C6590033F}" coords="(0,0,278,51)"/>
          <events title="">
            <event eventType="atClick" isChecked="True">
              <behaviour title="" isChecked="True" isWait="False" isLoop="False" execMode="emParallel">
                <target targetID="D6DF02D4-84D2-4C26-BA3C-88AFC2EBA55D" isChecked="True" isAutoRecovery="False" isLoop="False" execMode="emSequence">
                  <command name="Popup State Change" isChecked="True" descrition="">
                    <param name="AniInterpolation" value="0" varType="3" description=""/>
                    <param name="AniDuration" value="200" varType="3" description=""/>
                    <param name="AniAutoReverse" value="False" varType="11" description=""/>
                    <param name="AniLoop" value="False" varType="11" description=""/>
                    <param name="AniInterpolationTypeOut" value="False" varType="11" description=""/>
                    <param name="Delay" value="0" varType="3" description=""/>
                    <param name="Value" value="2" varType="3" description=""/>
                    <param name="AniType" value="0" varType="3" description=""/>
                  </command>
                </target>
              </behaviour>
            </event>
          </events>
        </entry>
      </interactiveData>
      <font family="Segoe+UI" displayName="Segoe+UI" postScript="" weightStyle="Regular" weight="400" isBold="False" isItalic="False"/>
      <text>Robusta+Flores</text>
      <textSize>14</textSize>
      <selectedIndex>-1</selectedIndex>
    </control>
    <control controlID="A5CE50FE-7A5C-4E87-9698-E21CB01D66AC" controlTypeID="NavigationBar" x="0" y="592" w="360" h="48" zOrder="10">
      <links eventType="AtClick" animate="AmNone" animateAutoDelay="0" animateDuration="500">
        <link targetPageID="7EE898F8-3988-4A8A-897A-A7BF3DC9FFA4" linkType="ltPageLink" isApplyIncludePage="False" title="Quiz+ch">
          <area shape="0" alt="" ID="{97F37B56-DBDD-4ED4-9CC9-9C9811BACDEE}" coords="(0,0,360,48)"/>
        </link>
      </links>
    </control>
    <control controlID="D6DF02D4-84D2-4C26-BA3C-88AFC2EBA55D" controlTypeID="PopupPanel" x="157" y="168" w="46" h="46" zOrder="11">
      <groupChildrenDescriptors>
        <control controlID="6D3A40D6-EB54-46A2-B87A-BC6B3BDAFA34" controlTypeID="Panel" x="0" y="0" w="360" h="640" zOrder="0">
          <locked>True</locked>
          <color>1879048192</color>
          <borderVisible>False</borderVisible>
          <canMove>False</canMove>
          <alias>background</alias>
          <groupChildrenDescriptors>
            <control controlID="5280ED5E-5128-4285-B98A-2FD921D6ACEB" controlTypeID="Border" x="0" y="0" w="360" h="640" zOrder="0">
              <borderVisible>False</borderVisible>
              <alias>borderLayer</alias>
            </control>
          </groupChildrenDescriptors>
          <thinkness>1</thinkness>
        </control>
        <control controlID="A48B3BDE-586B-4B70-858E-01BACC330F1D" controlTypeID="PopupPanelContent" x="0" y="20" w="360" h="620" zOrder="1">
          <color>16777215</color>
          <alias>content</alias>
          <groupChildrenDescriptors>
            <control controlID="C0267C68-C3D4-4632-A726-39B263A04A60" controlTypeID="Panel" x="0" y="0" w="360" h="620" zOrder="0">
              <color>4278190080</color>
              <opacity>0.400000005960464</opacity>
              <groupChildrenDescriptors>
                <control controlID="FA67059E-715D-490B-B594-DE95CC3B6C15" controlTypeID="Border" x="0" y="0" w="360" h="620" zOrder="0">
                  <alias>borderLayer</alias>
                </control>
              </groupChildrenDescriptors>
              <thinkness>1</thinkness>
            </control>
            <control controlID="42F64A72-5C15-4CF5-940A-B8CC7939B571" controlTypeID="Shape" x="42" y="269" w="284" h="154" zOrder="1">
              <color>4294967091</color>
              <links eventType="AtClick" animate="AmNone" animateAutoDelay="0" animateDuration="500">
                <link targetPageID="7EE898F8-3988-4A8A-897A-A7BF3DC9FFA4" linkType="ltPageLink" isApplyIncludePage="False" title="Quiz+ch">
                  <area shape="0" alt="" ID="{3E68CCBB-EF14-4BF0-B397-FC8AEBB8DDE1}" coords="(0,0,284,154)"/>
                </link>
              </links>
              <font family="Segoe+UI" displayName="Segoe+UI" postScript="" weightStyle="Regular" weight="400" isBold="False" isItalic="False"/>
              <text>Selamat+anda+mendapat+1+POIN</text>
              <textSize>14</textSize>
              <selectedIndex>-1</selectedIndex>
            </control>
          </groupChildrenDescriptors>
        </control>
      </groupChildrenDescriptors>
    </control>
  </controls>
  <param>
    <backgroundColor>4293190884</backgroundColor>
    <fontSize>14</fontSize>
    <fontFamily>Segoe+UI</fontFamily>
    <guideLines/>
  </param>
</mockup>