﻿<mockup version="5.3" minAllowVersion="5.3" ID="28B77FA2-CDAF-4780-A475-489D0EE5996C" platform="MtMobile" defaultW="360" defaultH="640" measureW="360" measureH="640" screenOrientation="MoPortrait" mobileScreenScale="1.77777779102325" clipArea="(0,0,0,0)">
  <controls controlCount="8">
    <control controlID="709B47DE-458F-4893-8B5B-0265E07C3DA4" controlTypeID="StatusBar(Android)" x="0" y="0" w="360" h="20" zOrder="0"/>
    <control controlID="65ED044F-CE94-4331-830D-5EE7C54EB585" controlTypeID="Icon" x="131" y="118" w="98" h="98" zOrder="1">
      <color>4294967295</color>
      <icon>
        <ID/>
        <iconFontName>jdFontAwesome</iconFontName>
        <iconCode>61750</iconCode>
      </icon>
      <URL>1EE9C881E2A3DAC9C25B7F5978FAAC60.svg</URL>
    </control>
    <control controlID="84CCF76B-15D6-4721-A4E8-EB2200A61921" controlTypeID="TextInput" x="33" y="275" w="294" h="39" zOrder="2">
      <font family="Segoe+UI" displayName="Segoe+UI" postScript="" weightStyle="Regular" weight="400" isBold="False" isItalic="False"/>
      <text>Username</text>
      <lineSpacing>0</lineSpacing>
      <selectedIndex>-1</selectedIndex>
    </control>
    <control controlID="9B07962E-AF72-41E3-A004-326DA5C51C64" controlTypeID="TextInput" x="33" y="330" w="294" h="39" zOrder="3">
      <font family="Segoe+UI" displayName="Segoe+UI" postScript="" weightStyle="Regular" weight="400" isBold="False" isItalic="False"/>
      <text>Password</text>
      <lineSpacing>0</lineSpacing>
      <selectedIndex>-1</selectedIndex>
    </control>
    <control controlID="B11CFFBD-C13E-4B5B-9F9F-2B13038ECD4D" controlTypeID="Button" x="120" y="390" w="120" h="48" zOrder="4">
      <links eventType="AtClick" animate="AmNone" animateAutoDelay="0" animateDuration="500">
        <link targetPageID="69E9AF1B-BC9F-4C19-9A5F-C01B33E7126C" linkType="ltPageLink" isApplyIncludePage="False" title="Home">
          <area shape="0" alt="" ID="{8A4E143A-CC2F-4170-8EB7-5188135EE1F0}" coords="(0,0,120,48)"/>
        </link>
      </links>
      <font family="Segoe+UI" displayName="Segoe+UI" postScript="" weightStyle="Regular" weight="400" isBold="False" isItalic="False"/>
      <text>Login</text>
      <lineSpacing>0</lineSpacing>
      <selectedIndex>-1</selectedIndex>
    </control>
    <control controlID="69BB5D4B-C5CA-4539-A1FA-CE6FC769AB5E" controlTypeID="Label" x="69" y="484" w="148" h="24" zOrder="5">
      <font family="Segoe+UI" displayName="Segoe+UI" postScript="" weightStyle="Regular" weight="400" isBold="False" isItalic="False"/>
      <text>Tidak+punya+akun%3F</text>
      <textColor>4294967295</textColor>
      <textSize>18</textSize>
      <lineSpacing>0</lineSpacing>
      <useDefaultTextSize>False</useDefaultTextSize>
      <selectedIndex>-1</selectedIndex>
    </control>
    <control controlID="E085C6E0-564D-473D-9248-A1B292918774" controlTypeID="Label" x="227" y="484" w="60" h="24" zOrder="6">
      <links eventType="AtClick" animate="AmNone" animateAutoDelay="0" animateDuration="500">
        <link targetPageID="28B77FA2-CDAF-4780-A475-489D0EE5996C" linkType="ltPageLink" isApplyIncludePage="False" title="daftar">
          <area shape="0" alt="" ID="{A6B84F1D-4B34-4AA6-AC0F-BC50A3BC70A4}" coords="(0,0,60,24)"/>
        </link>
      </links>
      <font family="Segoe+UI" displayName="Segoe+UI+Bold" postScript="" weightStyle="Bold" weight="700" isBold="True" isItalic="False"/>
      <text>Daftar!</text>
      <textColor>4294967091</textColor>
      <textSize>18</textSize>
      <lineSpacing>0</lineSpacing>
      <textStyles>[fsBold]</textStyles>
      <useDefaultTextSize>False</useDefaultTextSize>
      <selectedIndex>-1</selectedIndex>
    </control>
    <control controlID="79E2C361-7942-4BFB-8E14-6E3D8317633B" controlTypeID="NavigationBar" x="0" y="592" w="360" h="48" zOrder="7"/>
  </controls>
  <param>
    <backgroundColor>4291585587</backgroundColor>
    <fontSize>14</fontSize>
    <fontFamily>Segoe+UI</fontFamily>
    <guideLines/>
  </param>
</mockup>