﻿<mockup version="5.3" minAllowVersion="5.3" ID="69E9AF1B-BC9F-4C19-9A5F-C01B33E7126C" platform="MtMobile" defaultW="360" defaultH="640" measureW="360" measureH="640" screenOrientation="MoPortrait" mobileScreenScale="1.77777779102325" clipArea="(0,0,0,0)">
  <controls controlCount="14">
    <control controlID="98530325-4820-4AD5-8810-62CAB447BC71" controlTypeID="Shape" x="0" y="0" w="360" h="81" zOrder="0">
      <color>4291585587</color>
      <borderVisible>False</borderVisible>
      <font family="Segoe+UI" displayName="Segoe+UI" postScript="" weightStyle="Regular" weight="400" isBold="False" isItalic="False" useDefaultFontFamily="False"/>
      <textColor>4291585587</textColor>
      <textSize>14</textSize>
      <selectedIndex>-1</selectedIndex>
      <radius>8</radius>
    </control>
    <control controlID="C30313A1-8EFF-4885-8D24-C4B733D8C773" controlTypeID="StatusBar(Android)" x="0" y="0" w="360" h="20" zOrder="1"/>
    <control controlID="789D50F5-F04B-4138-948A-1553D83EDE15" controlTypeID="Icon" x="316" y="38" w="24" h="24" zOrder="2">
      <color>4294967295</color>
      <links eventType="AtClick" animate="AmNone" animateAutoDelay="0" animateDuration="500">
        <link targetPageID="A9E6695B-A806-4358-9A93-BF4CAD40B17B" linkType="ltPageLink" isApplyIncludePage="False" title="Edit+Identity">
          <area shape="0" alt="" ID="{8EE3A864-7E3B-4D8B-9B83-84B7FFA69DBD}" coords="(0,0,24,24)"/>
        </link>
      </links>
      <icon>
        <ID/>
        <iconFontName>jdIonicons</iconFontName>
        <iconCode>62368</iconCode>
      </icon>
      <URL>B91434690C5B5224D1CC6B1998F1178A.svg</URL>
    </control>
    <control controlID="3594E82E-A68A-4904-B3DC-C169B517ECBE" controlTypeID="Icon" x="20" y="36" w="28" h="28" zOrder="3">
      <color>4294967295</color>
      <icon>
        <ID/>
        <iconFontName>jdFontAwesome</iconFontName>
        <iconCode>61750</iconCode>
      </icon>
      <URL>1EE9C881E2A3DAC9C25B7F5978FAAC60.svg</URL>
    </control>
    <control controlID="C93BC20A-DFBF-47F2-AD76-C2CEF595A4B6" controlTypeID="Label" x="48" y="45" w="57" h="19" zOrder="4">
      <font family="Segoe+UI" displayName="Segoe+UI+Bold" postScript="" weightStyle="Bold" weight="700" isBold="True" isItalic="False"/>
      <text>acCoffee</text>
      <textColor>4294967295</textColor>
      <lineSpacing>0</lineSpacing>
      <textStyles>[fsBold]</textStyles>
      <selectedIndex>-1</selectedIndex>
    </control>
    <control controlID="E58A4B04-526F-48AD-9C0C-1A561426BA56" controlTypeID="Shape" x="26" y="202" w="308" h="64" zOrder="5">
      <links eventType="AtClick" animate="AmNone" animateAutoDelay="0" animateDuration="500">
        <link targetPageID="7EE898F8-3988-4A8A-897A-A7BF3DC9FFA4" linkType="ltPageLink" isApplyIncludePage="False" title="Quiz+ch">
          <area shape="0" alt="" ID="{12B27ED5-C9BD-4924-9D93-F13CA8E7E3D9}" coords="(0,0,308,64)"/>
        </link>
      </links>
      <font family="Segoe+UI" displayName="Segoe+UI+Bold" postScript="" weightStyle="Bold" weight="700" isBold="True" isItalic="False" useDefaultFontFamily="False"/>
      <text>QUIZ</text>
      <textColor>4281742902</textColor>
      <textSize>16</textSize>
      <textStyles>[fsBold]</textStyles>
      <useDefaultTextSize>False</useDefaultTextSize>
      <selectedIndex>-1</selectedIndex>
      <radius>8</radius>
    </control>
    <control controlID="BAAF2981-23B1-4375-AAA7-AE73DE1B1605" controlTypeID="Shape" x="26" y="296" w="308" h="64" zOrder="6">
      <links eventType="AtClick" animate="AmNone" animateAutoDelay="0" animateDuration="500">
        <link targetPageID="BA97A52C-4DE9-4788-BD37-70C13152023D" linkType="ltPageLink" isApplyIncludePage="False" title="Trivia">
          <area shape="0" alt="" ID="{1837FFE0-ABE7-4F38-B438-DD0DA241CC05}" coords="(0,0,308,64)"/>
        </link>
      </links>
      <font family="Segoe+UI" displayName="Segoe+UI+Bold" postScript="" weightStyle="Bold" weight="700" isBold="True" isItalic="False" useDefaultFontFamily="False"/>
      <text>TRIVIA</text>
      <textColor>4281742902</textColor>
      <textSize>16</textSize>
      <textStyles>[fsBold]</textStyles>
      <useDefaultTextSize>False</useDefaultTextSize>
      <selectedIndex>-1</selectedIndex>
      <radius>8</radius>
    </control>
    <control controlID="A62E844D-D3F2-42A3-B848-39992A130AA2" controlTypeID="Shape" x="26" y="384" w="308" h="64" zOrder="7">
      <links eventType="AtClick" animate="AmNone" animateAutoDelay="0" animateDuration="500">
        <link targetPageID="173A115E-3ABF-4D67-92CC-FD22E9FF4575" linkType="ltPageLink" isApplyIncludePage="False" title="Point+%26+Reward">
          <area shape="0" alt="" ID="{F670A24C-FC21-46D7-98FF-3223E7745296}" coords="(0,0,308,64)"/>
        </link>
      </links>
      <font family="Segoe+UI" displayName="Segoe+UI+Bold" postScript="" weightStyle="Bold" weight="700" isBold="True" isItalic="False" useDefaultFontFamily="False"/>
      <text>POIN+%26+REWARD</text>
      <textColor>4281742902</textColor>
      <textSize>16</textSize>
      <textStyles>[fsBold]</textStyles>
      <useDefaultTextSize>False</useDefaultTextSize>
      <selectedIndex>-1</selectedIndex>
      <radius>8</radius>
    </control>
    <control controlID="A2F7DCA4-F9B6-4F27-82DA-DEEEC7BA6023" controlTypeID="Icon" x="43" y="316" w="24" h="24" zOrder="8">
      <icon>
        <ID/>
        <iconFontName>jdIonicons</iconFontName>
        <iconCode>61770</iconCode>
      </icon>
      <URL>E947C879EC890A4D8A01AA1BC7455199.svg</URL>
    </control>
    <control controlID="98AA32F8-1FD4-47A6-9107-20F6DEEC03B4" controlTypeID="Icon" x="43" y="404" w="24" h="24" zOrder="9">
      <icon>
        <ID/>
        <iconFontName>jdIcoFont</iconFontName>
        <iconCode>59177</iconCode>
      </icon>
      <URL>FE8EA4268E1ED83890542FD10E1E8AF1.svg</URL>
    </control>
    <control controlID="882420C0-5BBA-4480-836F-7C3CEBD9629C" controlTypeID="Icon" x="43" y="222" w="24" h="24" zOrder="10">
      <icon>
        <ID/>
        <iconFontName>jdIonicons</iconFontName>
        <iconCode>62325</iconCode>
      </icon>
      <URL>83DD69C47E6D1466D54371E396D6F349.svg</URL>
    </control>
    <control controlID="002DEC1C-8B7A-46C1-9704-0F6927F5206A" controlTypeID="Label" x="210" y="44" w="96" h="19" zOrder="11">
      <links eventType="AtClick" animate="AmNone" animateAutoDelay="0" animateDuration="500">
        <link targetPageID="A9E6695B-A806-4358-9A93-BF4CAD40B17B" linkType="ltPageLink" isApplyIncludePage="False" title="Edit+Identity">
          <area shape="0" alt="" ID="{D4D4400A-BD1B-4970-8307-6E865992EF8E}" coords="(0,0,96,19)"/>
        </link>
      </links>
      <font family="Segoe+UI" displayName="Segoe+UI" postScript="" weightStyle="Regular" weight="400" isBold="False" isItalic="False"/>
      <text>Halo%2C+Firstname</text>
      <textColor>4294967295</textColor>
      <lineSpacing>0</lineSpacing>
      <selectedIndex>-1</selectedIndex>
    </control>
    <control controlID="2B288198-7DB5-43FB-AA3D-9D3B655A9AE7" controlTypeID="Icon" x="316" y="552" w="24" h="24" zOrder="12">
      <color>4278190080</color>
      <icon>
        <ID/>
        <iconFontName>jdIcoFont</iconFontName>
        <iconCode>59112</iconCode>
      </icon>
      <URL>EE3972229E801E47DBC1EAD9A4430BF7.svg</URL>
    </control>
    <control controlID="0C3BC46E-5136-4BA3-B1B2-B27DA64A0DEC" controlTypeID="NavigationBar" x="0" y="592" w="360" h="48" zOrder="13">
      <links eventType="AtClick" animate="AmNone" animateAutoDelay="0" animateDuration="500">
        <link targetPageID="617D109E-8D6A-4129-A66D-B189E4265C55" linkType="ltPageLink" isApplyIncludePage="False" title="login">
          <area shape="0" alt="" ID="{7F4F08B6-1D4A-49BC-B745-B4EF1959A60D}" coords="(0,0,360,48)"/>
        </link>
      </links>
    </control>
  </controls>
  <param>
    <backgroundColor>4293190884</backgroundColor>
    <fontSize>14</fontSize>
    <fontFamily>Segoe+UI</fontFamily>
    <guideLines/>
  </param>
</mockup>