﻿<mockup version="5.3" minAllowVersion="5.3" ID="48BE42A7-24AF-47D2-B358-3D10DEC80AEF" platform="MtMobile" defaultW="360" defaultH="640" measureW="360" measureH="640" screenOrientation="MoPortrait" mobileScreenScale="1.77777779102325">
  <controls controlCount="18">
    <control controlID="60BEBBAB-B4D3-458F-9D8A-9CF321ADCD69" controlTypeID="Shape" x="0" y="0" w="360" h="81" zOrder="0">
      <color>4291585587</color>
      <borderVisible>False</borderVisible>
      <font family="Segoe+UI" displayName="Segoe+UI" postScript="" weightStyle="Regular" weight="400" isBold="False" isItalic="False" useDefaultFontFamily="False"/>
      <textColor>4291585587</textColor>
      <textSize>14</textSize>
      <selectedIndex>-1</selectedIndex>
      <radius>8</radius>
    </control>
    <control controlID="74F66C1F-87A5-4BFE-913A-328BB31A53BE" controlTypeID="StatusBar(Android)" x="0" y="0" w="360" h="20" zOrder="1"/>
    <control controlID="BE8D1A18-5F9F-4719-BAF6-4E1496C15D14" controlTypeID="Icon" x="316" y="38" w="24" h="24" zOrder="2">
      <color>4294967295</color>
      <icon>
        <ID/>
        <iconFontName>jdIonicons</iconFontName>
        <iconCode>62368</iconCode>
      </icon>
      <URL>B91434690C5B5224D1CC6B1998F1178A.svg</URL>
    </control>
    <control controlID="D36B84BC-DEA8-4A1A-9A22-FBCA59A77BCD" controlTypeID="Icon" x="20" y="36" w="28" h="28" zOrder="3">
      <color>4294967295</color>
      <icon>
        <ID/>
        <iconFontName>jdFontAwesome</iconFontName>
        <iconCode>61750</iconCode>
      </icon>
      <URL>1EE9C881E2A3DAC9C25B7F5978FAAC60.svg</URL>
    </control>
    <control controlID="00ADABA2-3128-4C04-B1A9-ECCD35A90B58" controlTypeID="Label" x="48" y="45" w="57" h="19" zOrder="4">
      <font family="Segoe+UI" displayName="Segoe+UI+Bold" postScript="" weightStyle="Bold" weight="700" isBold="True" isItalic="False"/>
      <text>acCoffee</text>
      <textColor>4294967295</textColor>
      <lineSpacing>0</lineSpacing>
      <textStyles>[fsBold]</textStyles>
      <selectedIndex>-1</selectedIndex>
    </control>
    <control controlID="93A74D1C-120B-4A9A-89BB-25F6A121F426" controlTypeID="TextArea" x="26" y="276" w="308" h="88" zOrder="5">
      <font family="Segoe+UI" displayName="Segoe+UI+Bold" postScript="" weightStyle="Bold" weight="700" isBold="True" isItalic="False"/>
      <text>Berapakah+jumlah+kopi+yang+tersedia+di+Macro+Coffee%3F</text>
      <textSize>15</textSize>
      <textAlign>HaCenter</textAlign>
      <textStyles>[fsBold]</textStyles>
      <useDefaultTextSize>False</useDefaultTextSize>
      <selectedIndex>-1</selectedIndex>
    </control>
    <control controlID="C72D498D-054A-4246-AFCF-19EA18DD5433" controlTypeID="Image" x="41" y="116" w="278" h="150" zOrder="6">
      <URL>A93793558F266F514E185E302A22BA31.jpg</URL>
    </control>
    <control controlID="F62EBBEC-05F4-4F2F-AFFC-4FFF096C4EAA" controlTypeID="Shape" x="41" y="355" w="278" h="51" zOrder="7">
      <interactiveData>
        <entry title="">
          <area shape="0" alt="" ID="{C43525B8-1613-48FA-AE8F-C6E985C5BDC2}" coords="(0,0,278,51)"/>
          <events title="">
            <event eventType="atClick" isChecked="True">
              <behaviour title="" isChecked="True" isWait="False" isLoop="False" execMode="emParallel">
                <target targetID="186B21A0-8D70-4162-8476-2A1285497858" isChecked="True" isAutoRecovery="False" isLoop="False" execMode="emSequence">
                  <command name="Popup State Change" isChecked="True" descrition="">
                    <param name="AniInterpolation" value="0" varType="3" description=""/>
                    <param name="AniDuration" value="200" varType="3" description=""/>
                    <param name="AniAutoReverse" value="False" varType="11" description=""/>
                    <param name="AniLoop" value="False" varType="11" description=""/>
                    <param name="AniInterpolationTypeOut" value="False" varType="11" description=""/>
                    <param name="Delay" value="0" varType="3" description=""/>
                    <param name="Value" value="2" varType="3" description=""/>
                    <param name="AniType" value="0" varType="3" description=""/>
                  </command>
                </target>
              </behaviour>
            </event>
          </events>
        </entry>
      </interactiveData>
      <font family="Segoe+UI" displayName="Segoe+UI" postScript="" weightStyle="Regular" weight="400" isBold="False" isItalic="False"/>
      <text>5</text>
      <textSize>14</textSize>
      <selectedIndex>-1</selectedIndex>
    </control>
    <control controlID="7EB2261B-0EE7-449C-9CC5-165E14791052" controlTypeID="Shape" x="41" y="428" w="278" h="51" zOrder="8">
      <interactiveData>
        <entry title="">
          <area shape="0" alt="" ID="{1B42F298-D392-4610-B2B0-7B253B584DC1}" coords="(0,0,278,51)"/>
          <events title="">
            <event eventType="atClick" isChecked="True">
              <behaviour title="" isChecked="True" isWait="False" isLoop="False" execMode="emParallel">
                <target targetID="186B21A0-8D70-4162-8476-2A1285497858" isChecked="True" isAutoRecovery="False" isLoop="False" execMode="emSequence">
                  <command name="Popup State Change" isChecked="True" descrition="">
                    <param name="AniInterpolation" value="0" varType="3" description=""/>
                    <param name="AniDuration" value="200" varType="3" description=""/>
                    <param name="AniAutoReverse" value="False" varType="11" description=""/>
                    <param name="AniLoop" value="False" varType="11" description=""/>
                    <param name="AniInterpolationTypeOut" value="False" varType="11" description=""/>
                    <param name="Delay" value="0" varType="3" description=""/>
                    <param name="Value" value="2" varType="3" description=""/>
                    <param name="AniType" value="0" varType="3" description=""/>
                  </command>
                </target>
              </behaviour>
            </event>
          </events>
        </entry>
      </interactiveData>
      <font family="Segoe+UI" displayName="Segoe+UI" postScript="" weightStyle="Regular" weight="400" isBold="False" isItalic="False"/>
      <text>23</text>
      <textSize>14</textSize>
      <selectedIndex>-1</selectedIndex>
    </control>
    <control controlID="5FB57A4E-76B5-40E7-8951-4CF12D253A8B" controlTypeID="Shape" x="41" y="500" w="278" h="51" zOrder="9">
      <interactiveData>
        <entry title="">
          <area shape="0" alt="" ID="{BCA0AE1D-69B1-4A6A-BE87-F7C859721C5E}" coords="(0,0,278,51)"/>
          <events title="">
            <event eventType="atClick" isChecked="True">
              <behaviour title="" isChecked="True" isWait="False" isLoop="False" execMode="emParallel">
                <target targetID="186B21A0-8D70-4162-8476-2A1285497858" isChecked="True" isAutoRecovery="False" isLoop="False" execMode="emSequence">
                  <command name="Popup State Change" isChecked="True" descrition="">
                    <param name="AniInterpolation" value="0" varType="3" description=""/>
                    <param name="AniDuration" value="200" varType="3" description=""/>
                    <param name="AniAutoReverse" value="False" varType="11" description=""/>
                    <param name="AniLoop" value="False" varType="11" description=""/>
                    <param name="AniInterpolationTypeOut" value="False" varType="11" description=""/>
                    <param name="Delay" value="0" varType="3" description=""/>
                    <param name="Value" value="2" varType="3" description=""/>
                    <param name="AniType" value="0" varType="3" description=""/>
                  </command>
                </target>
              </behaviour>
            </event>
          </events>
        </entry>
      </interactiveData>
      <font family="Segoe+UI" displayName="Segoe+UI" postScript="" weightStyle="Regular" weight="400" isBold="False" isItalic="False"/>
      <text>16</text>
      <textSize>14</textSize>
      <selectedIndex>-1</selectedIndex>
    </control>
    <control controlID="42E3D04D-78AD-4348-9EFB-2FB4C1807CD1" controlTypeID="NavigationBar" x="0" y="592" w="360" h="48" zOrder="10">
      <links eventType="AtClick" animate="AmNone" animateAutoDelay="0" animateDuration="500">
        <link targetPageID="7EE898F8-3988-4A8A-897A-A7BF3DC9FFA4" linkType="ltPageLink" isApplyIncludePage="False" title="Quiz+ch">
          <area shape="0" alt="" ID="{2787AF16-2E09-41F4-B4A0-79AB91884205}" coords="(0,0,360,48)"/>
        </link>
      </links>
    </control>
    <control controlID="186B21A0-8D70-4162-8476-2A1285497858" controlTypeID="PopupPanel" x="157" y="168" w="46" h="46" zOrder="11">
      <groupChildrenDescriptors>
        <control controlID="86BE9A80-4F64-437D-A7E6-2FE8D9B80EF8" controlTypeID="Panel" x="0" y="0" w="360" h="640" zOrder="0">
          <locked>True</locked>
          <color>1879048192</color>
          <borderVisible>False</borderVisible>
          <canMove>False</canMove>
          <alias>background</alias>
          <groupChildrenDescriptors>
            <control controlID="7C100A3E-CE46-4940-BD40-7692B702CC74" controlTypeID="Border" x="0" y="0" w="360" h="640" zOrder="0">
              <borderVisible>False</borderVisible>
              <alias>borderLayer</alias>
            </control>
          </groupChildrenDescriptors>
          <thinkness>1</thinkness>
        </control>
        <control controlID="11BFAA52-E6F7-4EB5-94A1-F011A9F3A3F3" controlTypeID="PopupPanelContent" x="0" y="20" w="360" h="620" zOrder="1">
          <color>16777215</color>
          <alias>content</alias>
          <groupChildrenDescriptors>
            <control controlID="52CCEB20-72EB-4038-A7EE-5AA37AFF7D55" controlTypeID="Panel" x="0" y="0" w="360" h="620" zOrder="0">
              <color>4278190080</color>
              <opacity>0.400000005960464</opacity>
              <groupChildrenDescriptors>
                <control controlID="F593524B-3E9D-4F13-8CA4-A8524A6E2C63" controlTypeID="Border" x="0" y="0" w="360" h="620" zOrder="0">
                  <alias>borderLayer</alias>
                </control>
              </groupChildrenDescriptors>
              <thinkness>1</thinkness>
            </control>
            <control controlID="B7FD9A4B-348E-4707-9A95-D6AD10044442" controlTypeID="Shape" x="42" y="269" w="284" h="154" zOrder="1">
              <color>4294967091</color>
              <links eventType="AtClick" animate="AmNone" animateAutoDelay="0" animateDuration="500">
                <link targetPageID="7EE898F8-3988-4A8A-897A-A7BF3DC9FFA4" linkType="ltPageLink" isApplyIncludePage="False" title="Quiz+ch">
                  <area shape="0" alt="" ID="{3E68CCBB-EF14-4BF0-B397-FC8AEBB8DDE1}" coords="(0,0,284,154)"/>
                </link>
              </links>
              <font family="Segoe+UI" displayName="Segoe+UI" postScript="" weightStyle="Regular" weight="400" isBold="False" isItalic="False"/>
              <text>Selamat+anda+mendapat+1+POIN</text>
              <textSize>14</textSize>
              <selectedIndex>-1</selectedIndex>
            </control>
          </groupChildrenDescriptors>
        </control>
      </groupChildrenDescriptors>
    </control>
  </controls>
  <param>
    <backgroundColor>4293190884</backgroundColor>
    <fontSize>14</fontSize>
    <fontFamily>Segoe+UI</fontFamily>
    <guideLines/>
  </param>
</mockup>