﻿<mockup version="5.3" minAllowVersion="5.3" ID="A9E6695B-A806-4358-9A93-BF4CAD40B17B" platform="MtMobile" defaultW="360" defaultH="640" measureW="360" measureH="640" screenOrientation="MoPortrait" mobileScreenScale="1.77777779102325">
  <controls controlCount="17">
    <control controlID="E5F68B10-25FF-4E88-A9B5-A071B89386DF" controlTypeID="TextInput" x="33" y="131" w="138" h="39" zOrder="0">
      <font family="Segoe+UI" displayName="Segoe+UI" postScript="" weightStyle="Regular" weight="400" isBold="False" isItalic="False"/>
      <text>Nama+depan</text>
      <lineSpacing>0</lineSpacing>
      <selectedIndex>-1</selectedIndex>
    </control>
    <control controlID="0040D470-C40D-4E38-8A8D-C316BA80C7C4" controlTypeID="TextInput" x="187" y="130" w="140" h="39" zOrder="1">
      <font family="Segoe+UI" displayName="Segoe+UI" postScript="" weightStyle="Regular" weight="400" isBold="False" isItalic="False"/>
      <text>Nama+Akhir</text>
      <lineSpacing>0</lineSpacing>
      <selectedIndex>-1</selectedIndex>
    </control>
    <control controlID="D23DF731-19C9-4B43-8B60-52FDEE692197" controlTypeID="TextInput" x="33" y="186" w="294" h="39" zOrder="2">
      <font family="Segoe+UI" displayName="Segoe+UI" postScript="" weightStyle="Regular" weight="400" isBold="False" isItalic="False"/>
      <text>Username</text>
      <lineSpacing>0</lineSpacing>
      <selectedIndex>-1</selectedIndex>
    </control>
    <control controlID="15C61288-3DB0-4F54-BE78-26D4D0B4DDA5" controlTypeID="TextInput" x="32" y="259" w="294" h="39" zOrder="3">
      <font family="Segoe+UI" displayName="Segoe+UI" postScript="" weightStyle="Regular" weight="400" isBold="False" isItalic="False"/>
      <text>Email</text>
      <lineSpacing>0</lineSpacing>
      <selectedIndex>-1</selectedIndex>
    </control>
    <control controlID="EBA81A3A-DBB1-4F90-8D47-F8C1252D7D47" controlTypeID="TextInput" x="32" y="308" w="294" h="39" zOrder="4">
      <font family="Segoe+UI" displayName="Segoe+UI" postScript="" weightStyle="Regular" weight="400" isBold="False" isItalic="False"/>
      <text>No+Handphone</text>
      <lineSpacing>0</lineSpacing>
      <selectedIndex>-1</selectedIndex>
    </control>
    <control controlID="6AC05898-B174-48D4-BCAE-7CBCD66B2B57" controlTypeID="TextInput" x="32" y="386" w="294" h="39" zOrder="5">
      <font family="Segoe+UI" displayName="Segoe+UI" postScript="" weightStyle="Regular" weight="400" isBold="False" isItalic="False"/>
      <text>Alamat</text>
      <lineSpacing>0</lineSpacing>
      <selectedIndex>-1</selectedIndex>
    </control>
    <control controlID="CFB2FCA7-A916-44A1-B145-F462F969D587" controlTypeID="TextInput" x="32" y="469" w="294" h="39" zOrder="6">
      <font family="Segoe+UI" displayName="Segoe+UI" postScript="" weightStyle="Regular" weight="400" isBold="False" isItalic="False"/>
      <text>Password</text>
      <lineSpacing>0</lineSpacing>
      <selectedIndex>-1</selectedIndex>
    </control>
    <control controlID="E29F7FF3-42EF-429E-AE92-EFF66F997B5A" controlTypeID="Button" x="120" y="518" w="120" h="48" zOrder="7">
      <links eventType="AtClick" animate="AmNone" animateAutoDelay="0" animateDuration="500">
        <link targetPageID="69E9AF1B-BC9F-4C19-9A5F-C01B33E7126C" linkType="ltPageLink" isApplyIncludePage="False" title="Home">
          <area shape="0" alt="" ID="{F190DEA5-2978-4906-9E09-AC60DB78C58D}" coords="(0,0,120,48)"/>
        </link>
      </links>
      <font family="Segoe+UI" displayName="Segoe+UI" postScript="" weightStyle="Regular" weight="400" isBold="False" isItalic="False"/>
      <text>Konfirmasi</text>
      <lineSpacing>0</lineSpacing>
      <selectedIndex>-1</selectedIndex>
    </control>
    <control controlID="BF527CDA-98E4-44FB-835C-D26835A06760" controlTypeID="Shape" x="0" y="0" w="360" h="81" zOrder="8">
      <color>4291585587</color>
      <borderVisible>False</borderVisible>
      <font family="Segoe+UI" displayName="Segoe+UI" postScript="" weightStyle="Regular" weight="400" isBold="False" isItalic="False" useDefaultFontFamily="False"/>
      <textColor>4291585587</textColor>
      <textSize>14</textSize>
      <selectedIndex>-1</selectedIndex>
      <radius>8</radius>
    </control>
    <control controlID="BE572A61-F68E-4A34-9CFB-0A394A009133" controlTypeID="StatusBar(Android)" x="0" y="0" w="360" h="20" zOrder="9"/>
    <control controlID="605C9D15-4A14-4B53-99B2-81883161DD02" controlTypeID="Icon" x="20" y="36" w="28" h="28" zOrder="10">
      <color>4294967295</color>
      <icon>
        <ID/>
        <iconFontName>jdFontAwesome</iconFontName>
        <iconCode>61750</iconCode>
      </icon>
      <URL>1EE9C881E2A3DAC9C25B7F5978FAAC60.svg</URL>
    </control>
    <control controlID="430CFF48-322F-43B0-9BB4-D7C175DC206A" controlTypeID="Label" x="48" y="45" w="57" h="19" zOrder="11">
      <font family="Segoe+UI" displayName="Segoe+UI+Bold" postScript="" weightStyle="Bold" weight="700" isBold="True" isItalic="False"/>
      <text>acCoffee</text>
      <textColor>4294967295</textColor>
      <lineSpacing>0</lineSpacing>
      <textStyles>[fsBold]</textStyles>
      <selectedIndex>-1</selectedIndex>
    </control>
    <control controlID="AA656EB6-931E-4DC8-99F6-307BB8EC455B" controlTypeID="Label" x="33" y="91" w="59" h="19" zOrder="12">
      <font family="Segoe+UI" displayName="Segoe+UI" postScript="" weightStyle="Regular" weight="400" isBold="False" isItalic="False"/>
      <text>Edit+Profil</text>
      <lineSpacing>0</lineSpacing>
      <selectedIndex>-1</selectedIndex>
    </control>
    <control controlID="2A8B73F1-6EDA-499B-9278-28D6B1710879" controlTypeID="Label" x="32" y="230" w="43" h="19" zOrder="13">
      <font family="Segoe+UI" displayName="Segoe+UI" postScript="" weightStyle="Regular" weight="400" isBold="False" isItalic="False"/>
      <text>Kontak</text>
      <lineSpacing>0</lineSpacing>
      <selectedIndex>-1</selectedIndex>
    </control>
    <control controlID="AF8A8C4E-1ECB-4C3A-9C33-B0BAD0BD6F2A" controlTypeID="Label" x="32" y="357" w="43" h="19" zOrder="14">
      <font family="Segoe+UI" displayName="Segoe+UI" postScript="" weightStyle="Regular" weight="400" isBold="False" isItalic="False"/>
      <text>Kontak</text>
      <lineSpacing>0</lineSpacing>
      <selectedIndex>-1</selectedIndex>
    </control>
    <control controlID="3D903F52-77DE-421F-9660-80E3E404C7AE" controlTypeID="Label" x="32" y="444" w="36" h="19" zOrder="15">
      <font family="Segoe+UI" displayName="Segoe+UI" postScript="" weightStyle="Regular" weight="400" isBold="False" isItalic="False"/>
      <text>Detail</text>
      <lineSpacing>0</lineSpacing>
      <selectedIndex>-1</selectedIndex>
    </control>
    <control controlID="30CB1866-7A11-4436-A979-D96F58AE46E2" controlTypeID="NavigationBar" x="0" y="592" w="360" h="48" zOrder="16">
      <links eventType="AtClick" animate="AmNone" animateAutoDelay="0" animateDuration="500">
        <link targetPageID="69E9AF1B-BC9F-4C19-9A5F-C01B33E7126C" linkType="ltPageLink" isApplyIncludePage="False" title="Home">
          <area shape="0" alt="" ID="{36E8C156-8B66-4EBD-8AAA-C5DD998B9649}" coords="(0,0,360,48)"/>
        </link>
      </links>
    </control>
  </controls>
  <param>
    <backgroundColor>4293190884</backgroundColor>
    <fontSize>14</fontSize>
    <fontFamily>Segoe+UI</fontFamily>
    <guideLines/>
  </param>
</mockup>