﻿<mockup version="5.3" minAllowVersion="5.3" ID="BA97A52C-4DE9-4788-BD37-70C13152023D" platform="MtMobile" defaultW="360" defaultH="640" measureW="360" measureH="640" screenOrientation="MoPortrait" mobileScreenScale="1.77777779102325">
  <controls controlCount="11">
    <control controlID="E2C33DB0-6660-4F7D-A754-01EE503E81B0" controlTypeID="Shape" x="0" y="0" w="360" h="81" zOrder="0">
      <color>4291585587</color>
      <borderVisible>False</borderVisible>
      <font family="Segoe+UI" displayName="Segoe+UI" postScript="" weightStyle="Regular" weight="400" isBold="False" isItalic="False" useDefaultFontFamily="False"/>
      <textColor>4291585587</textColor>
      <textSize>14</textSize>
      <selectedIndex>-1</selectedIndex>
      <radius>8</radius>
    </control>
    <control controlID="A0CDD669-849C-4A5C-8547-39743D185C9D" controlTypeID="StatusBar(Android)" x="0" y="0" w="360" h="20" zOrder="1"/>
    <control controlID="17B13DF9-9656-4CE2-847F-CF02FEED671B" controlTypeID="Icon" x="316" y="38" w="24" h="24" zOrder="2">
      <color>4294967295</color>
      <icon>
        <ID/>
        <iconFontName>jdIonicons</iconFontName>
        <iconCode>62368</iconCode>
      </icon>
      <URL>B91434690C5B5224D1CC6B1998F1178A.svg</URL>
    </control>
    <control controlID="81A20D0E-1EB4-4A41-9B64-CD644F8D5843" controlTypeID="Icon" x="20" y="36" w="28" h="28" zOrder="3">
      <color>4294967295</color>
      <icon>
        <ID/>
        <iconFontName>jdFontAwesome</iconFontName>
        <iconCode>61750</iconCode>
      </icon>
      <URL>1EE9C881E2A3DAC9C25B7F5978FAAC60.svg</URL>
    </control>
    <control controlID="B2CF2B9C-6431-4F69-A8D5-927C042242DF" controlTypeID="Label" x="48" y="45" w="57" h="19" zOrder="4">
      <font family="Segoe+UI" displayName="Segoe+UI+Bold" postScript="" weightStyle="Bold" weight="700" isBold="True" isItalic="False"/>
      <text>acCoffee</text>
      <textColor>4294967295</textColor>
      <lineSpacing>0</lineSpacing>
      <textStyles>[fsBold]</textStyles>
      <selectedIndex>-1</selectedIndex>
    </control>
    <control controlID="289792B0-7996-4098-AB79-89AD99B71FF3" controlTypeID="Icon" x="15" y="499" w="43" h="43" zOrder="5">
      <icon>
        <ID/>
        <iconFontName>jdIonicons</iconFontName>
        <iconCode>62305</iconCode>
      </icon>
      <URL>99D18E524D2BEF9446942FB6A373FE26.svg</URL>
    </control>
    <control controlID="D3712D32-95F3-44AD-892E-C56607D384CC" controlTypeID="Icon" x="297" y="499" w="43" h="43" zOrder="6">
      <icon>
        <ID/>
        <iconFontName>jdIonicons</iconFontName>
        <iconCode>62307</iconCode>
      </icon>
      <URL>2B26C789AF3EFEA925A6893B9D4A201A.svg</URL>
    </control>
    <control controlID="F77BF704-C569-4354-AECC-02378FC2DD1F" controlTypeID="Label" x="156" y="499" w="48" h="32" zOrder="7">
      <font family="Segoe+UI" displayName="Segoe+UI" postScript="" weightStyle="Regular" weight="400" isBold="False" isItalic="False"/>
      <text>1%2F20</text>
      <textSize>24</textSize>
      <lineSpacing>0</lineSpacing>
      <useDefaultTextSize>False</useDefaultTextSize>
      <selectedIndex>-1</selectedIndex>
    </control>
    <control controlID="70E007C0-4066-43B0-AC77-C68D0F628708" controlTypeID="Shape" x="15" y="110" w="325" h="363" zOrder="8">
      <font family="Segoe+UI" displayName="Segoe+UI" postScript="" weightStyle="Regular" weight="400" isBold="False" isItalic="False"/>
      <textSize>14</textSize>
      <selectedIndex>-1</selectedIndex>
    </control>
    <control controlID="FD2A65C4-CAB5-4834-BAF8-08F3D7098138" controlTypeID="TextArea" x="25" y="120" w="305" h="331" zOrder="9">
      <font family="Segoe+UI" displayName="Segoe+UI" postScript="" weightStyle="Regular" weight="400" isBold="False" isItalic="False"/>
      <text>Kopi+Robusta+Jember+ya+dari+jember%2C+Kopi+Robusta+Jember+ya+dari+jember%2C+Kopi+Robusta+Jember+ya+dari+jember%2C+Kopi+Robusta+Jember+ya+dari+jember%2C+%0D%0A%0D%0AKopi+Robusta+Jember+ya+dari+jember%2C+Kopi+Robusta+Jember+ya+dari+jember%2C+Kopi+Robusta+Jember+ya+dari+jember%2C+Kopi+Robusta+Jember+ya+dari+jember%2C+Kopi+Robusta+Jember+ya+dari+jember%2C+Kopi+Robusta+Jember+ya+dari+jember%2C+Kopi+Robusta+Jember+ya+dari+jember%2C+Kopi+Robusta+Jember+ya+dari+jember%2C+%0D%0A%0D%0AKopi+Robusta+Jember+ya+dari+jember%2C+Kopi+Robusta+Jember+ya+dari+jember%2C+Kopi+Robusta+Jember+ya+dari+jember%2C+Kopi+Robusta+Jember+ya+dari+jember%2C+Kopi+Robusta+Jember+ya+dari+jember%2C+Kopi+Robusta+Jember+ya+dari+jember%2C+Kopi+Robusta+Jember+ya+dari+jember%2C+Kopi+Robusta+Jember+ya+dari+jember%2C+Kopi+Robusta+Jember+ya+dari+jember%2C+Kopi+Robusta+Jember+ya+dari+jember%2C+Kopi+Robusta+Jember+ya+dari+jember%2C+Kopi+Robusta+Jember+ya+dari+jember%2C+Kopi+Robusta+Jember+ya+dari+jember%2C+Kopi+Robusta+Jember+ya+dari+jember%2C+</text>
      <selectedIndex>-1</selectedIndex>
    </control>
    <control controlID="8BA5C080-F293-4105-9530-DA0BD1FB675E" controlTypeID="NavigationBar" x="0" y="592" w="360" h="48" zOrder="10">
      <links eventType="AtClick" animate="AmNone" animateAutoDelay="0" animateDuration="500">
        <link targetPageID="69E9AF1B-BC9F-4C19-9A5F-C01B33E7126C" linkType="ltPageLink" isApplyIncludePage="False" title="Home">
          <area shape="0" alt="" ID="{E2373202-3BCA-4195-B9FB-F423802106CC}" coords="(0,0,360,48)"/>
        </link>
      </links>
    </control>
  </controls>
  <param>
    <backgroundColor>4293190884</backgroundColor>
    <fontSize>14</fontSize>
    <fontFamily>Segoe+UI</fontFamily>
    <guideLines/>
  </param>
</mockup>