﻿<project version="2.9" name="MacCoffee" ID="026CB44E-169F-467D-836F-52DBDB83A385">
  <params>
    <pageParam version="5.3" minAllowVersion="5.3"/>
    <projectParam version="2.9" minAllowVersion="2.9" platform="MtMobile" orientation="MoPortrait" mobileScreenScale="1.77777779102325" mobileType="mmtAndroid" pageSize="(360,640)" backgroundColor="4293190884" fontSize="14" fontFamily="Segoe UI" projectType="ptPersonalProject" isShowTitleIndex="False"/>
    <previewParam version="1.0"/>
    <colorParam version="1.0"/>
  </params>
  <pages>
    <page name="login" ID="617D109E-8D6A-4129-A66D-B189E4265C55" expanded="True" code="oDJ5FfLfmz" thumbCode="oDJ5FfLfmz" isLastOpen="True" status="psWhite" isfolder="False" isshownode="True">
      <images>
        <image key="1EE9C881E2A3DAC9C25B7F5978FAAC60.svg"/>
      </images>
      <page name="daftar" ID="28B77FA2-CDAF-4780-A475-489D0EE5996C" expanded="True" code="wVMbXPPaVT" thumbCode="wVMbXPPaVT" status="psWhite" isfolder="False" isshownode="True">
        <images>
          <image key="1EE9C881E2A3DAC9C25B7F5978FAAC60.svg"/>
        </images>
      </page>
    </page>
    <page name="Home" ID="69E9AF1B-BC9F-4C19-9A5F-C01B33E7126C" expanded="True" code="ngE1S7B9tJ" thumbCode="ngE1S7B9tJ" status="psWhite" isfolder="False" isshownode="True">
      <images>
        <image key="B91434690C5B5224D1CC6B1998F1178A.svg"/>
        <image key="FE8EA4268E1ED83890542FD10E1E8AF1.svg"/>
        <image key="1EE9C881E2A3DAC9C25B7F5978FAAC60.svg"/>
        <image key="83DD69C47E6D1466D54371E396D6F349.svg"/>
        <image key="E947C879EC890A4D8A01AA1BC7455199.svg"/>
        <image key="EE3972229E801E47DBC1EAD9A4430BF7.svg"/>
      </images>
      <page name="Quiz ch" ID="7EE898F8-3988-4A8A-897A-A7BF3DC9FFA4" expanded="True" code="ZqYU7HnQjU" thumbCode="ZqYU7HnQjU" status="psWhite" isfolder="False" isshownode="True">
        <images>
          <image key="B91434690C5B5224D1CC6B1998F1178A.svg"/>
          <image key="1EE9C881E2A3DAC9C25B7F5978FAAC60.svg"/>
        </images>
        <page name="quiz gm" ID="48BE42A7-24AF-47D2-B358-3D10DEC80AEF" expanded="True" code="kdd9rNnN28" thumbCode="kdd9rNnN28" status="psWhite" isfolder="False" isshownode="True">
          <images>
            <image key="B91434690C5B5224D1CC6B1998F1178A.svg"/>
            <image key="28B4323B3E50383F55376DDABB512CB9.jpeg"/>
            <image key="1EE9C881E2A3DAC9C25B7F5978FAAC60.svg"/>
          </images>
        </page>
        <page name="quiz gm2" ID="CBF4891E-D58A-487B-9B55-CF5BADFBCC60" expanded="True" code="BBOT9JqMOe" thumbCode="BBOT9JqMOe" status="psWhite" isfolder="False" isshownode="True">
          <images>
            <image key="B91434690C5B5224D1CC6B1998F1178A.svg"/>
            <image key="1D1D3FC3F8BF062BBE7EE6B1D935741E.jpg"/>
            <image key="1EE9C881E2A3DAC9C25B7F5978FAAC60.svg"/>
          </images>
        </page>
        <page name="quiz gm3" ID="8CE3AFD5-B7D8-4B57-BD3B-D800ED573250" expanded="True" code="BvrBYgnsA4" thumbCode="BvrBYgnsA4" status="psWhite" isfolder="False" isshownode="True">
          <images>
            <image key="B91434690C5B5224D1CC6B1998F1178A.svg"/>
            <image key="A93793558F266F514E185E302A22BA31.jpg"/>
            <image key="1EE9C881E2A3DAC9C25B7F5978FAAC60.svg"/>
          </images>
        </page>
      </page>
      <page name="Trivia" ID="BA97A52C-4DE9-4788-BD37-70C13152023D" expanded="True" code="PtDa9kYZjw" thumbCode="PtDa9kYZjw" status="psWhite" isfolder="False" isshownode="True">
        <images>
          <image key="B91434690C5B5224D1CC6B1998F1178A.svg"/>
          <image key="2B26C789AF3EFEA925A6893B9D4A201A.svg"/>
          <image key="1EE9C881E2A3DAC9C25B7F5978FAAC60.svg"/>
          <image key="99D18E524D2BEF9446942FB6A373FE26.svg"/>
        </images>
      </page>
      <page name="Point &amp; Reward" ID="173A115E-3ABF-4D67-92CC-FD22E9FF4575" expanded="True" code="aGMSZu2dtd" thumbCode="aGMSZu2dtd" status="psWhite" isfolder="False" isshownode="True">
        <images>
          <image key="B91434690C5B5224D1CC6B1998F1178A.svg"/>
          <image key="1EE9C881E2A3DAC9C25B7F5978FAAC60.svg"/>
          <image key="BD4238331903448AC231764D97753836.svg"/>
          <image key="049C8EA1FC0F3109FF65E887226436B2.svg"/>
        </images>
      </page>
    </page>
    <page name="Edit Identity" ID="A9E6695B-A806-4358-9A93-BF4CAD40B17B" expanded="True" code="XF66nHDQXs" thumbCode="XF66nHDQXs" status="psWhite" isfolder="False" isshownode="True">
      <images>
        <image key="1EE9C881E2A3DAC9C25B7F5978FAAC60.svg"/>
      </images>
    </page>
  </pages>
  <trash/>
  <deletes/>
  <masters/>
  <images>
    <image key="2B26C789AF3EFEA925A6893B9D4A201A.svg"/>
    <image key="83DD69C47E6D1466D54371E396D6F349.svg"/>
    <image key="99D18E524D2BEF9446942FB6A373FE26.svg"/>
    <image key="1D1D3FC3F8BF062BBE7EE6B1D935741E.jpg"/>
    <image key="BD4238331903448AC231764D97753836.svg"/>
    <image key="B91434690C5B5224D1CC6B1998F1178A.svg"/>
    <image key="1EE9C881E2A3DAC9C25B7F5978FAAC60.svg"/>
    <image key="28B4323B3E50383F55376DDABB512CB9.jpeg"/>
    <image key="049C8EA1FC0F3109FF65E887226436B2.svg"/>
    <image key="FE8EA4268E1ED83890542FD10E1E8AF1.svg"/>
    <image key="A93793558F266F514E185E302A22BA31.jpg"/>
    <image key="E947C879EC890A4D8A01AA1BC7455199.svg"/>
    <image key="EE3972229E801E47DBC1EAD9A4430BF7.svg"/>
  </images>
</project>