﻿<LinkSources version="1.02">
  <page ID="617D109E-8D6A-4129-A66D-B189E4265C55">
    <linkSource sourcePageID="28B77FA2-CDAF-4780-A475-489D0EE5996C" comID="B11CFFBD-C13E-4B5B-9F9F-2B13038ECD4D" comLinkType="cltPageLink"/>
    <linkSource sourcePageID="A9E6695B-A806-4358-9A93-BF4CAD40B17B" comID="E29F7FF3-42EF-429E-AE92-EFF66F997B5A" comLinkType="cltPageLink"/>
    <linkSource sourcePageID="7EE898F8-3988-4A8A-897A-A7BF3DC9FFA4" comID="BE0D7937-1F05-4B6C-AC8B-A987FFB02BC1" comLinkType="cltPageLink"/>
    <linkSource sourcePageID="28B77FA2-CDAF-4780-A475-489D0EE5996C" comID="D4810CDB-9087-41C4-AE42-4B1C8CC7E314" comLinkType="cltPageLink"/>
    <linkSource sourcePageID="69E9AF1B-BC9F-4C19-9A5F-C01B33E7126C" comID="0C3BC46E-5136-4BA3-B1B2-B27DA64A0DEC" comLinkType="cltPageLink"/>
  </page>
  <page ID="28B77FA2-CDAF-4780-A475-489D0EE5996C">
    <linkSource sourcePageID="617D109E-8D6A-4129-A66D-B189E4265C55" comID="B11CFFBD-C13E-4B5B-9F9F-2B13038ECD4D" comLinkType="cltPageLink"/>
    <linkSource sourcePageID="617D109E-8D6A-4129-A66D-B189E4265C55" comID="E085C6E0-564D-473D-9248-A1B292918774" comLinkType="cltPageLink"/>
  </page>
  <page ID="69E9AF1B-BC9F-4C19-9A5F-C01B33E7126C">
    <linkSource sourcePageID="617D109E-8D6A-4129-A66D-B189E4265C55" comID="B11CFFBD-C13E-4B5B-9F9F-2B13038ECD4D" comLinkType="cltPageLink"/>
    <linkSource sourcePageID="A9E6695B-A806-4358-9A93-BF4CAD40B17B" comID="E29F7FF3-42EF-429E-AE92-EFF66F997B5A" comLinkType="cltPageLink"/>
    <linkSource sourcePageID="7EE898F8-3988-4A8A-897A-A7BF3DC9FFA4" comID="417A5F8A-B38A-4109-8F66-04589CEE6FEF" comLinkType="cltPageLink"/>
    <linkSource sourcePageID="BA97A52C-4DE9-4788-BD37-70C13152023D" comID="8BA5C080-F293-4105-9530-DA0BD1FB675E" comLinkType="cltPageLink"/>
    <linkSource sourcePageID="173A115E-3ABF-4D67-92CC-FD22E9FF4575" comID="5C906657-E6B7-42C1-9640-E21F67A67F2E" comLinkType="cltPageLink"/>
    <linkSource sourcePageID="A9E6695B-A806-4358-9A93-BF4CAD40B17B" comID="30CB1866-7A11-4436-A979-D96F58AE46E2" comLinkType="cltPageLink"/>
  </page>
  <page ID="7EE898F8-3988-4A8A-897A-A7BF3DC9FFA4">
    <linkSource sourcePageID="69E9AF1B-BC9F-4C19-9A5F-C01B33E7126C" comID="E58A4B04-526F-48AD-9C0C-1A561426BA56" comLinkType="cltPageLink"/>
    <linkSource sourcePageID="48BE42A7-24AF-47D2-B358-3D10DEC80AEF" comID="42F64A72-5C15-4CF5-940A-B8CC7939B571" comLinkType="cltPageLink"/>
    <linkSource sourcePageID="CBF4891E-D58A-487B-9B55-CF5BADFBCC60" comID="388793C1-DCFB-4605-B1B6-CA02FD4B29B6" comLinkType="cltPageLink"/>
    <linkSource sourcePageID="8CE3AFD5-B7D8-4B57-BD3B-D800ED573250" comID="B7FD9A4B-348E-4707-9A95-D6AD10044442" comLinkType="cltPageLink"/>
    <linkSource sourcePageID="48BE42A7-24AF-47D2-B358-3D10DEC80AEF" comID="A5CE50FE-7A5C-4E87-9698-E21CB01D66AC" comLinkType="cltPageLink"/>
    <linkSource sourcePageID="CBF4891E-D58A-487B-9B55-CF5BADFBCC60" comID="8CC2F7C9-A4A2-4768-A3DE-318E46BA6593" comLinkType="cltPageLink"/>
    <linkSource sourcePageID="8CE3AFD5-B7D8-4B57-BD3B-D800ED573250" comID="42E3D04D-78AD-4348-9EFB-2FB4C1807CD1" comLinkType="cltPageLink"/>
  </page>
  <page ID="48BE42A7-24AF-47D2-B358-3D10DEC80AEF">
    <linkSource sourcePageID="7EE898F8-3988-4A8A-897A-A7BF3DC9FFA4" comID="F47A3D53-4B8D-4936-BB8A-DB9E3725BF65" comLinkType="cltPageLink"/>
  </page>
  <page ID="CBF4891E-D58A-487B-9B55-CF5BADFBCC60">
    <linkSource sourcePageID="7EE898F8-3988-4A8A-897A-A7BF3DC9FFA4" comID="29443360-7AC9-4287-A4C8-19495BB889F3" comLinkType="cltPageLink"/>
  </page>
  <page ID="8CE3AFD5-B7D8-4B57-BD3B-D800ED573250">
    <linkSource sourcePageID="7EE898F8-3988-4A8A-897A-A7BF3DC9FFA4" comID="5412C9C6-FFC7-4A0B-8449-19F058ED5C7B" comLinkType="cltPageLink"/>
  </page>
  <page ID="BA97A52C-4DE9-4788-BD37-70C13152023D">
    <linkSource sourcePageID="69E9AF1B-BC9F-4C19-9A5F-C01B33E7126C" comID="BAAF2981-23B1-4375-AAA7-AE73DE1B1605" comLinkType="cltPageLink"/>
  </page>
  <page ID="173A115E-3ABF-4D67-92CC-FD22E9FF4575">
    <linkSource sourcePageID="69E9AF1B-BC9F-4C19-9A5F-C01B33E7126C" comID="A62E844D-D3F2-42A3-B848-39992A130AA2" comLinkType="cltPageLink"/>
  </page>
  <page ID="A9E6695B-A806-4358-9A93-BF4CAD40B17B">
    <linkSource sourcePageID="69E9AF1B-BC9F-4C19-9A5F-C01B33E7126C" comID="789D50F5-F04B-4138-948A-1553D83EDE15" comLinkType="cltPageLink"/>
    <linkSource sourcePageID="69E9AF1B-BC9F-4C19-9A5F-C01B33E7126C" comID="002DEC1C-8B7A-46C1-9704-0F6927F5206A" comLinkType="cltPageLink"/>
  </page>
</LinkSources>